,QCOM,TEAM,TSLA,BABA,BLK,PYACX,VWEHX,gold,palladium
alpha,0.000332,0.001605,0.00068,0.000403,-4.6e-05,0.000289,0.000211,0.000438,0.001243
beta,1.213778,1.400108,1.314113,1.398591,1.356401,-0.064811,0.13472,-0.167928,0.448806
r-squared,0.247523,0.160006,0.133386,0.334487,0.62088,0.049538,0.184993,0.032272,0.047946
