,QCOM,TEAM,TSLA,BABA,PYACX,VWEHX,^GSPC
mean,0.000922,0.002285,0.001318,0.001083,0.000258,0.000276,0.000486
median,0.000942,0.002939,0.000859,0.001007,0.0,0.0,0.000603
std,0.019844,0.028471,0.029267,0.01967,0.002369,0.002548,0.008134
var,0.000394,0.000811,0.000857,0.000387,6e-06,6e-06,6.6e-05
min,-0.127205,-0.15875,-0.139015,-0.068171,-0.013158,-0.013462,-0.040979
max,0.232162,0.322857,0.176692,0.132919,0.007739,0.01165,0.049594
kurtosis,23.533187,22.612034,5.175447,2.794831,1.133641,4.391526,4.35418
skewness,1.36991,1.609357,0.3167,0.241728,-0.316738,-0.339491,-0.559417
