,AVGO,NOW,TSLA,AMZN,IRDM,BR,PYACX,SIGAX,gold,palladium
alpha,0.14213,0.24718,0.17711,0.32815,0.15867,0.13206,-0.00576,-0.01215,0.05162,0.17817
beta,1.35333,1.46614,1.26445,1.32199,1.41795,0.92064,-0.06792,-0.01911,-0.15139,0.47398
R-squared,0.31393,0.30955,0.14046,0.36539,0.20698,0.37655,0.04613,0.00501,0.01675,0.05493
